id,has_index,dataset,dataset_size,operation,relational_point_count,relational_has_errors,relational_time_elapsed,relational_avg_time_per_point,spatial_core_point_count,spatial_core_has_errors,spatial_core_time_elapsed,spatial_core_avg_time_per_point,spatial_postgis_point_count,spatial_postgis_has_errors,spatial_postgis_time_elapsed,spatial_postgis_avg_time_per_point,rsc_ratio,rsp_ratio,spsc_ration,best,created_at
84,f,routers_s,145,Delete Multiple - Circle,2,f,51.242,25.621,2,f,27.225,13.612,2,f,43.607,21.804,1.882,1.175,1.602,Spatial Core,2019-06-04 20:45:50.917528+02
225,t,routers_s,145,Delete Multiple - Circle,2,f,60.112,30.056,2,f,25.475,12.738,2,f,36.842,18.421,2.360,1.632,1.446,Spatial Core,2019-06-04 21:59:31.079116+02
82,f,routers_s,145,Delete Multiple - Rectangle,8,f,61.913,7.739,8,f,25.728,3.216,8,f,36.602,4.575,2.406,1.692,1.423,Spatial Core,2019-06-04 20:45:23.831619+02
223,t,routers_s,145,Delete Multiple - Rectangle,8,f,59.065,7.383,8,f,26.803,3.350,8,f,46.646,5.831,2.204,1.266,1.740,Spatial Core,2019-06-04 21:58:16.773027+02
83,f,routers_s,145,Delete Multiple - Rotated Rectangle,17,f,60.674,3.569,17,f,28.781,1.693,17,f,52.506,3.089,2.108,1.156,1.824,Spatial Core,2019-06-04 20:45:38.751503+02
224,t,routers_s,145,Delete Multiple - Rotated Rectangle,17,f,60.516,3.560,17,f,27.809,1.636,17,f,41.122,2.419,2.176,1.472,1.479,Spatial Core,2019-06-04 21:58:43.375651+02
81,f,routers_s,145,Delete Single,1,f,62.272,62.272,1,f,26.614,26.614,1,f,52.757,52.757,2.340,1.180,1.982,Spatial Core,2019-06-04 20:45:09.979862+02
222,t,routers_s,145,Delete Single,1,f,60.522,60.522,1,f,27.111,27.111,1,f,61.234,61.234,2.232,0.988,2.259,Spatial Core,2019-06-04 21:58:06.339172+02
76,f,routers_s,145,Find Multiple - Circle,3,f,2.513,0.838,3,f,0.651,0.217,3,f,13.448,4.483,3.860,0.187,20.657,Spatial Core,2019-06-04 20:43:14.300926+02
217,t,routers_s,145,Find Multiple - Circle,3,f,2.056,0.685,3,f,0.877,0.292,3,f,10.343,3.448,2.344,0.199,11.794,Spatial Core,2019-06-04 21:56:47.855317+02
74,f,routers_s,145,Find Multiple - Rectangle,16,f,1.081,0.068,16,f,0.695,0.043,16,f,10.080,0.630,1.555,0.107,14.504,Spatial Core,2019-06-04 20:42:22.027036+02
215,t,routers_s,145,Find Multiple - Rectangle,16,f,1.180,0.074,16,f,1.005,0.063,16,f,10.884,0.680,1.174,0.108,10.830,Spatial Core,2019-06-04 21:56:19.732545+02
75,f,routers_s,145,Find Multiple - Rotated Rectangle,23,f,4.753,0.207,23,f,2.092,0.091,23,f,12.164,0.529,2.272,0.391,5.815,Spatial Core,2019-06-04 20:43:01.998567+02
216,t,routers_s,145,Find Multiple - Rotated Rectangle,23,f,2.487,0.108,23,f,2.135,0.093,23,f,10.689,0.465,1.165,0.233,5.007,Spatial Core,2019-06-04 21:56:35.290877+02
73,f,routers_s,145,Find Single,1,f,3.340,3.340,1,f,2.516,2.516,1,f,30.631,30.631,1.328,0.109,12.174,Spatial Core,2019-06-04 20:41:47.504514+02
214,t,routers_s,145,Find Single,1,f,4.242,4.242,1,f,2.754,2.754,1,f,24.697,24.697,1.540,0.172,8.968,Spatial Core,2019-06-04 21:56:09.587187+02
71,f,routers_s,145,Insert Multiple,145,f,83.108,0.573,145,f,56.800,0.392,145,f,69.549,0.480,1.463,1.195,1.224,Spatial Core,2019-06-04 20:41:26.20226+02
212,t,routers_s,145,Insert Multiple,145,f,39.706,0.274,145,f,35.935,0.248,145,f,67.043,0.462,1.105,0.592,1.866,Spatial Core,2019-06-04 21:55:56.577104+02
72,f,routers_s,145,Insert Single,1,f,27.543,27.543,1,f,25.695,25.695,1,f,36.184,36.184,1.072,0.761,1.408,Spatial Core,2019-06-04 20:41:39.156901+02
213,t,routers_s,145,Insert Single,1,f,46.862,46.862,1,f,26.270,26.270,1,f,50.567,50.567,1.784,0.927,1.925,Spatial Core,2019-06-04 21:56:03.576125+02
80,f,routers_s,145,Update Multiple - Circle,3,f,61.705,20.568,3,f,25.766,8.589,3,f,36.055,12.018,2.395,1.711,1.399,Spatial Core,2019-06-04 20:44:32.086326+02
221,t,routers_s,145,Update Multiple - Circle,3,f,60.705,20.235,3,f,26.597,8.866,3,f,37.235,12.412,2.282,1.630,1.400,Spatial Core,2019-06-04 21:57:58.324141+02
78,f,routers_s,145,Update Multiple - Rectangle,16,f,59.830,3.739,16,f,26.371,1.648,16,f,36.894,2.306,2.269,1.622,1.399,Spatial Core,2019-06-04 20:43:46.915804+02
219,t,routers_s,145,Update Multiple - Rectangle,16,f,59.088,3.693,16,f,25.849,1.616,16,f,54.841,3.428,2.286,1.077,2.122,Spatial Core,2019-06-04 21:57:12.127306+02
79,f,routers_s,145,Update Multiple - Rotated Rectangle,23,f,63.478,2.760,23,f,26.235,1.141,23,f,36.402,1.583,2.420,1.744,1.388,Spatial Core,2019-06-04 20:44:12.023181+02
220,t,routers_s,145,Update Multiple - Rotated Rectangle,23,f,87.222,3.792,23,f,26.946,1.172,23,f,53.339,2.319,3.237,1.635,1.979,Spatial Core,2019-06-04 21:57:26.130815+02
77,f,routers_s,145,Update Single,1,f,87.025,87.025,1,f,25.889,25.889,1,f,57.371,57.371,3.361,1.517,2.216,Spatial Core,2019-06-04 20:43:28.251791+02
218,t,routers_s,145,Update Single,1,f,40.726,40.726,1,f,29.002,29.002,1,f,54.940,54.940,1.404,0.741,1.894,Spatial Core,2019-06-04 21:56:57.724901+02
14,f,uniform_s,145,Delete Multiple - Circle,1,f,59.631,59.631,1,f,25.706,25.706,1,f,47.843,47.843,2.320,1.246,1.861,Spatial Core,2019-06-03 20:22:24.831941+02
155,t,uniform_s,145,Delete Multiple - Circle,1,f,60.466,60.466,1,f,25.506,25.506,1,f,36.884,36.884,2.371,1.639,1.446,Spatial Core,2019-06-04 21:21:28.656576+02
12,f,uniform_s,145,Delete Multiple - Rectangle,1,f,60.637,60.637,1,f,25.735,25.735,1,f,47.572,47.572,2.356,1.275,1.849,Spatial Core,2019-06-03 20:21:57.941912+02
153,t,uniform_s,145,Delete Multiple - Rectangle,1,f,58.732,58.732,1,f,30.296,30.296,1,f,50.858,50.858,1.939,1.155,1.679,Spatial Core,2019-06-04 21:20:49.970731+02
13,f,uniform_s,145,Delete Multiple - Rotated Rectangle,1,f,60.274,60.274,1,f,24.686,24.686,1,f,44.849,44.849,2.442,1.344,1.817,Spatial Core,2019-06-03 20:22:13.24187+02
154,t,uniform_s,145,Delete Multiple - Rotated Rectangle,1,f,61.278,61.278,1,f,28.235,28.235,1,f,51.982,51.982,2.170,1.179,1.841,Spatial Core,2019-06-04 21:21:04.701254+02
11,f,uniform_s,145,Delete Single,1,f,31.345,31.345,1,f,27.671,27.671,1,f,50.230,50.230,1.133,0.624,1.815,Spatial Core,2019-06-03 20:21:41.500459+02
152,t,uniform_s,145,Delete Single,1,f,60.366,60.366,1,f,27.567,27.567,1,f,54.307,54.307,2.190,1.112,1.970,Spatial Core,2019-06-04 21:20:39.785208+02
6,f,uniform_s,145,Find Multiple - Circle,2,f,1.852,0.926,2,f,0.568,0.284,2,f,10.261,5.131,3.261,0.180,18.065,Spatial Core,2019-06-03 20:20:07.255756+02
147,t,uniform_s,145,Find Multiple - Circle,2,f,2.135,1.068,2,f,0.850,0.425,2,f,11.062,5.531,2.512,0.193,13.014,Spatial Core,2019-06-04 21:18:44.646409+02
4,f,uniform_s,145,Find Multiple - Rectangle,1,f,1.023,1.023,1,f,0.662,0.662,1,f,10.206,10.206,1.545,0.100,15.417,Spatial Core,2019-06-03 20:19:28.727673+02
145,t,uniform_s,145,Find Multiple - Rectangle,1,f,1.332,1.332,1,f,0.842,0.842,1,f,12.842,12.842,1.582,0.104,15.252,Spatial Core,2019-06-04 21:18:09.326541+02
5,f,uniform_s,145,Find Multiple - Rotated Rectangle,1,f,2.264,2.264,1,f,2.007,2.007,1,f,10.192,10.192,1.128,0.222,5.078,Spatial Core,2019-06-03 20:19:50.329713+02
146,t,uniform_s,145,Find Multiple - Rotated Rectangle,1,f,2.924,2.924,1,f,2.098,2.098,1,f,10.821,10.821,1.394,0.270,5.158,Spatial Core,2019-06-04 21:18:26.957469+02
3,f,uniform_s,145,Find Single,1,f,3.491,3.491,1,f,2.339,2.339,1,f,64.730,64.730,1.493,0.054,27.674,Spatial Core,2019-06-03 20:19:07.321527+02
144,t,uniform_s,145,Find Single,1,f,2.014,2.014,1,f,1.383,1.383,1,f,16.014,16.014,1.456,0.126,11.579,Spatial Core,2019-06-04 21:17:55.686141+02
1,f,uniform_s,145,Insert Multiple,145,f,71.353,0.492,145,f,41.253,0.285,145,f,185.890,1.282,1.730,0.384,4.506,Spatial Core,2019-06-03 19:08:27.384048+02
142,t,uniform_s,145,Insert Multiple,145,f,71.875,0.496,145,f,37.589,0.259,145,f,66.159,0.456,1.912,1.086,1.760,Spatial Core,2019-06-04 21:17:37.911848+02
2,f,uniform_s,145,Insert Single,1,f,60.747,60.747,1,f,26.464,26.464,1,f,52.758,52.758,2.295,1.151,1.994,Spatial Core,2019-06-03 20:18:53.714048+02
143,t,uniform_s,145,Insert Single,1,f,60.676,60.676,1,f,25.862,25.862,1,f,50.355,50.355,2.346,1.205,1.947,Spatial Core,2019-06-04 21:17:47.623623+02
10,f,uniform_s,145,Update Multiple - Circle,2,f,58.077,29.039,2,f,26.072,13.036,2,f,54.766,27.383,2.228,1.060,2.101,Spatial Core,2019-06-03 20:21:30.134834+02
151,t,uniform_s,145,Update Multiple - Circle,2,f,62.307,31.154,2,f,27.935,13.968,2,f,49.494,24.747,2.230,1.259,1.772,Spatial Core,2019-06-04 21:20:32.778584+02
8,f,uniform_s,145,Update Multiple - Rectangle,1,f,62.535,62.535,1,f,26.781,26.781,1,f,50.466,50.466,2.335,1.239,1.884,Spatial Core,2019-06-03 20:20:47.827666+02
149,t,uniform_s,145,Update Multiple - Rectangle,1,f,60.140,60.140,1,f,27.171,27.171,1,f,52.677,52.677,2.213,1.142,1.939,Spatial Core,2019-06-04 21:19:15.321601+02
9,f,uniform_s,145,Update Multiple - Rotated Rectangle,1,f,60.330,60.330,1,f,43.295,43.295,1,f,40.715,40.715,1.393,1.482,0.940,Spatial PostGIS,2019-06-03 20:21:09.678288+02
150,t,uniform_s,145,Update Multiple - Rotated Rectangle,1,f,64.218,64.218,1,f,29.364,29.364,1,f,52.320,52.320,2.187,1.227,1.782,Spatial Core,2019-06-04 21:19:30.474851+02
7,f,uniform_s,145,Update Single,1,f,87.393,87.393,1,f,28.245,28.245,1,f,56.006,56.006,3.094,1.560,1.983,Spatial Core,2019-06-03 20:20:20.982951+02
148,t,uniform_s,145,Update Single,1,f,31.477,31.477,1,f,29.207,29.207,1,f,39.563,39.563,1.078,0.796,1.355,Spatial Core,2019-06-04 21:18:58.498735+02
98,f,routers_m,1452,Delete Multiple - Circle,76,f,61.312,0.807,76,f,25.943,0.341,76,f,51.927,0.683,2.363,1.181,2.002,Spatial Core,2019-06-04 20:50:17.218588+02
239,t,routers_m,1452,Delete Multiple - Circle,76,f,31.095,0.409,76,f,24.714,0.325,76,f,36.550,0.481,1.258,0.851,1.479,Spatial Core,2019-06-05 21:14:58.593725+02
96,f,routers_m,1452,Delete Multiple - Rectangle,78,f,115.057,1.475,78,f,29.547,0.379,78,f,49.795,0.638,3.894,2.311,1.685,Spatial Core,2019-06-04 20:49:18.834928+02
237,t,routers_m,1452,Delete Multiple - Rectangle,78,f,59.599,0.764,78,f,43.509,0.558,78,f,40.603,0.521,1.370,1.468,0.933,Spatial PostGIS,2019-06-05 21:14:30.065136+02
97,f,routers_m,1452,Delete Multiple - Rotated Rectangle,192,f,30.734,0.160,192,f,30.183,0.157,192,f,34.005,0.177,1.018,0.904,1.127,Spatial Core,2019-06-04 20:49:34.944193+02
238,t,routers_m,1452,Delete Multiple - Rotated Rectangle,192,f,65.835,0.343,192,f,33.361,0.174,192,f,53.534,0.279,1.973,1.230,1.605,Spatial Core,2019-06-05 21:14:42.103902+02
95,f,routers_m,1452,Delete Single,1,f,64.177,64.177,1,f,25.806,25.806,1,f,39.035,39.035,2.487,1.644,1.513,Spatial Core,2019-06-04 20:49:06.869963+02
236,t,routers_m,1452,Delete Single,1,f,28.402,28.402,1,f,26.819,26.819,1,f,53.923,53.923,1.059,0.527,2.011,Spatial Core,2019-06-05 21:14:16.018017+02
90,f,routers_m,1452,Find Multiple - Circle,88,f,3.311,0.038,88,f,0.914,0.010,88,f,10.479,0.119,3.623,0.316,11.465,Spatial Core,2019-06-04 20:47:33.753642+02
231,t,routers_m,1452,Find Multiple - Circle,88,f,3.650,0.041,88,f,1.100,0.013,88,f,13.205,0.150,3.318,0.276,12.005,Spatial Core,2019-06-05 21:12:37.233871+02
88,f,routers_m,1452,Find Multiple - Rectangle,123,f,1.776,0.014,123,f,1.171,0.010,123,f,10.614,0.086,1.517,0.167,9.064,Spatial Core,2019-06-04 20:47:05.932697+02
229,t,routers_m,1452,Find Multiple - Rectangle,123,f,1.435,0.012,123,f,35.683,0.290,123,f,12.123,0.099,0.040,0.118,0.340,Relational,2019-06-05 21:12:07.926379+02
89,f,routers_m,1452,Find Multiple - Rotated Rectangle,233,f,5.057,0.022,233,f,4.084,0.018,233,f,10.923,0.047,1.238,0.463,2.675,Spatial Core,2019-06-04 20:47:20.816085+02
230,t,routers_m,1452,Find Multiple - Rotated Rectangle,233,f,6.011,0.026,233,f,4.141,0.018,233,f,11.081,0.048,1.452,0.542,2.676,Spatial Core,2019-06-05 21:12:25.255818+02
87,f,routers_m,1452,Find Single,1,f,4.196,4.196,1,f,2.599,2.599,1,f,22.247,22.247,1.614,0.189,8.560,Spatial Core,2019-06-04 20:46:51.429554+02
228,t,routers_m,1452,Find Single,1,f,38.166,38.166,1,f,12.702,12.702,1,f,34.124,34.124,3.005,1.118,2.687,Spatial Core,2019-06-05 21:11:57.687996+02
85,f,routers_m,1452,Insert Multiple,1452,f,165.837,0.114,1452,f,230.188,0.159,1452,f,155.996,0.107,0.720,1.063,0.678,Spatial PostGIS,2019-06-04 20:46:26.911211+02
226,t,routers_m,1452,Insert Multiple,1452,f,156.047,0.107,1452,f,178.376,0.123,1452,f,144.234,0.099,0.875,1.082,0.809,Spatial PostGIS,2019-06-05 21:11:41.256253+02
86,f,routers_m,1452,Insert Single,1,f,28.774,28.774,1,f,26.051,26.051,1,f,52.367,52.367,1.105,0.549,2.010,Spatial Core,2019-06-04 20:46:37.333638+02
227,t,routers_m,1452,Insert Single,1,f,29.498,29.498,1,f,28.533,28.533,1,f,51.317,51.317,1.034,0.575,1.799,Spatial Core,2019-06-05 21:11:48.624201+02
94,f,routers_m,1452,Update Multiple - Circle,88,f,61.311,0.697,88,f,26.445,0.301,88,f,53.128,0.604,2.318,1.154,2.009,Spatial Core,2019-06-04 20:48:59.025665+02
235,t,routers_m,1452,Update Multiple - Circle,88,f,31.117,0.354,88,f,28.937,0.329,88,f,52.717,0.599,1.075,0.590,1.822,Spatial Core,2019-06-05 21:13:37.946248+02
92,f,routers_m,1452,Update Multiple - Rectangle,123,f,83.701,0.680,123,f,24.793,0.202,123,f,57.861,0.470,3.376,1.447,2.334,Spatial Core,2019-06-04 20:48:05.791853+02
233,t,routers_m,1452,Update Multiple - Rectangle,123,f,60.187,0.489,123,f,26.721,0.217,123,f,38.388,0.312,2.252,1.568,1.437,Spatial Core,2019-06-05 21:13:04.457017+02
93,f,routers_m,1452,Update Multiple - Rotated Rectangle,233,f,87.499,0.376,233,f,29.689,0.127,233,f,52.655,0.226,2.947,1.662,1.774,Spatial Core,2019-06-04 20:48:19.746463+02
234,t,routers_m,1452,Update Multiple - Rotated Rectangle,233,f,89.518,0.384,233,f,33.063,0.142,233,f,58.234,0.250,2.707,1.537,1.761,Spatial Core,2019-06-05 21:13:17.496416+02
91,f,routers_m,1452,Update Single,1,f,64.536,64.536,1,f,28.536,28.536,1,f,51.010,51.010,2.262,1.265,1.788,Spatial Core,2019-06-04 20:47:52.53211+02
232,t,routers_m,1452,Update Single,1,f,65.590,65.590,1,f,28.538,28.538,1,f,58.335,58.335,2.298,1.124,2.044,Spatial Core,2019-06-05 21:12:49.446127+02
28,f,uniform_m,1452,Delete Multiple - Circle,6,f,63.275,10.546,6,f,25.225,4.204,6,f,54.662,9.110,2.508,1.158,2.167,Spatial Core,2019-06-03 20:29:47.009964+02
169,t,uniform_m,1452,Delete Multiple - Circle,6,f,29.258,4.876,6,f,26.777,4.463,6,f,50.933,8.489,1.093,0.574,1.902,Spatial Core,2019-06-04 21:31:19.101689+02
26,f,uniform_m,1452,Delete Multiple - Rectangle,3,f,62.873,20.958,3,f,26.724,8.908,3,f,39.877,13.292,2.353,1.577,1.492,Spatial Core,2019-06-03 20:29:19.588664+02
167,t,uniform_m,1452,Delete Multiple - Rectangle,3,f,59.321,19.774,3,f,25.332,8.444,3,f,28.980,9.660,2.342,2.047,1.144,Spatial Core,2019-06-04 21:30:52.550011+02
27,f,uniform_m,1452,Delete Multiple - Rotated Rectangle,1,f,31.079,31.079,1,f,28.487,28.487,1,f,35.986,35.986,1.091,0.864,1.263,Spatial Core,2019-06-03 20:29:34.934084+02
168,t,uniform_m,1452,Delete Multiple - Rotated Rectangle,1,f,31.194,31.194,1,f,30.134,30.134,1,f,39.251,39.251,1.035,0.795,1.303,Spatial Core,2019-06-04 21:31:04.996582+02
25,f,uniform_m,1452,Delete Single,1,f,63.411,63.411,1,f,31.802,31.802,1,f,50.862,50.862,1.994,1.247,1.599,Spatial Core,2019-06-03 20:29:05.855849+02
166,t,uniform_m,1452,Delete Single,1,f,62.331,62.331,1,f,26.086,26.086,1,f,37.222,37.222,2.389,1.675,1.427,Spatial Core,2019-06-04 21:28:27.390185+02
20,f,uniform_m,1452,Find Multiple - Circle,7,f,2.893,0.413,7,f,0.886,0.127,7,f,10.625,1.518,3.265,0.272,11.992,Spatial Core,2019-06-03 20:25:42.019861+02
161,t,uniform_m,1452,Find Multiple - Circle,7,f,3.854,0.551,7,f,0.823,0.118,7,f,10.464,1.495,4.683,0.368,12.714,Spatial Core,2019-06-04 21:24:52.099737+02
18,f,uniform_m,1452,Find Multiple - Rectangle,3,f,1.165,0.388,3,f,0.822,0.274,3,f,10.805,3.602,1.417,0.108,13.145,Spatial Core,2019-06-03 20:25:03.525235+02
159,t,uniform_m,1452,Find Multiple - Rectangle,3,f,1.674,0.558,3,f,1.006,0.335,3,f,10.369,3.456,1.664,0.161,10.307,Spatial Core,2019-06-04 21:24:14.481893+02
19,f,uniform_m,1452,Find Multiple - Rotated Rectangle,1,f,5.094,5.094,1,f,4.899,4.899,1,f,10.757,10.757,1.040,0.474,2.196,Spatial Core,2019-06-03 20:25:23.329546+02
160,t,uniform_m,1452,Find Multiple - Rotated Rectangle,1,f,5.130,5.130,1,f,4.313,4.313,1,f,10.663,10.663,1.189,0.481,2.472,Spatial Core,2019-06-04 21:24:28.468579+02
17,f,uniform_m,1452,Find Single,1,f,3.752,3.752,1,f,2.597,2.597,1,f,28.700,28.700,1.445,0.131,11.051,Spatial Core,2019-06-03 20:24:48.907327+02
158,t,uniform_m,1452,Find Single,1,f,1.339,1.339,1,f,1.099,1.099,1,f,12.559,12.559,1.218,0.107,11.428,Spatial Core,2019-06-04 21:23:55.631618+02
15,f,uniform_m,1452,Insert Multiple,1452,f,133.967,0.092,1452,f,197.594,0.136,1452,f,171.903,0.118,0.678,0.779,0.870,Relational,2019-06-03 20:24:21.248627+02
156,t,uniform_m,1452,Insert Multiple,1452,f,116.418,0.080,1452,f,302.646,0.208,1452,f,149.758,0.103,0.385,0.777,0.495,Relational,2019-06-04 21:23:28.888151+02
16,f,uniform_m,1452,Insert Single,1,f,27.500,27.500,1,f,27.208,27.208,1,f,51.457,51.457,1.011,0.534,1.891,Spatial Core,2019-06-03 20:24:29.140071+02
157,t,uniform_m,1452,Insert Single,1,f,59.818,59.818,1,f,27.333,27.333,1,f,38.368,38.368,2.188,1.559,1.404,Spatial Core,2019-06-04 21:23:44.674583+02
24,f,uniform_m,1452,Update Multiple - Circle,7,f,54.622,7.803,7,f,27.798,3.971,7,f,42.429,6.061,1.965,1.287,1.526,Spatial Core,2019-06-03 20:27:54.298036+02
165,t,uniform_m,1452,Update Multiple - Circle,7,f,29.478,4.211,7,f,26.124,3.732,7,f,35.453,5.065,1.128,0.831,1.357,Spatial Core,2019-06-04 21:28:08.66398+02
22,f,uniform_m,1452,Update Multiple - Rectangle,3,f,59.900,19.967,3,f,25.201,8.400,3,f,53.207,17.736,2.377,1.126,2.111,Spatial Core,2019-06-03 20:26:41.802004+02
163,t,uniform_m,1452,Update Multiple - Rectangle,3,f,60.014,20.005,3,f,25.664,8.555,3,f,41.141,13.714,2.338,1.459,1.603,Spatial Core,2019-06-04 21:25:11.372577+02
23,f,uniform_m,1452,Update Multiple - Rotated Rectangle,1,f,65.700,65.700,1,f,28.067,28.067,1,f,39.534,39.534,2.341,1.662,1.409,Spatial Core,2019-06-03 20:27:17.729002+02
164,t,uniform_m,1452,Update Multiple - Rotated Rectangle,1,f,31.210,31.210,1,f,28.422,28.422,1,f,38.827,38.827,1.098,0.804,1.366,Spatial Core,2019-06-04 21:27:53.607192+02
21,f,uniform_m,1452,Update Single,1,f,63.781,63.781,1,f,28.109,28.109,1,f,52.098,52.098,2.269,1.224,1.853,Spatial Core,2019-06-03 20:26:25.981226+02
162,t,uniform_m,1452,Update Single,1,f,63.742,63.742,1,f,26.268,26.268,1,f,53.786,53.786,2.427,1.185,2.048,Spatial Core,2019-06-04 21:25:01.451812+02
113,f,routers_l,14524,Delete Multiple - Circle,848,f,72.804,0.086,848,f,26.869,0.032,848,f,45.026,0.053,2.710,1.617,1.676,Spatial Core,2019-06-04 20:59:33.602484+02
253,t,routers_l,14524,Delete Multiple - Circle,848,f,40.569,0.048,848,f,26.739,0.032,848,f,39.140,0.046,1.517,1.037,1.464,Spatial Core,2019-06-05 21:18:50.735927+02
111,f,routers_l,14524,Delete Multiple - Rectangle,818,f,28.375,0.035,818,f,26.646,0.033,818,f,42.835,0.052,1.065,0.662,1.608,Spatial Core,2019-06-04 20:59:01.281007+02
251,t,routers_l,14524,Delete Multiple - Rectangle,818,f,60.677,0.074,818,f,25.926,0.032,818,f,38.036,0.046,2.340,1.595,1.467,Spatial Core,2019-06-05 21:18:24.871261+02
112,f,routers_l,14524,Delete Multiple - Rotated Rectangle,2036,f,89.534,0.044,2036,f,40.446,0.020,2036,f,44.892,0.022,2.214,1.994,1.110,Spatial Core,2019-06-04 20:59:18.283745+02
252,t,routers_l,14524,Delete Multiple - Rotated Rectangle,2036,f,91.624,0.045,2036,f,67.876,0.033,2036,f,42.002,0.021,1.350,2.181,0.619,Spatial PostGIS,2019-06-05 21:18:41.367065+02
110,f,routers_l,14524,Delete Single,1,f,30.434,30.434,1,f,27.930,27.930,1,f,56.272,56.272,1.090,0.541,2.015,Spatial Core,2019-06-04 20:58:52.704644+02
250,t,routers_l,14524,Delete Single,1,f,29.736,29.736,1,f,28.005,28.005,1,f,51.679,51.679,1.062,0.575,1.845,Spatial Core,2019-06-05 21:18:12.969611+02
104,f,routers_l,14524,Find Multiple - Circle,915,f,15.792,0.017,915,f,3.756,0.004,915,f,15.051,0.016,4.204,1.049,4.007,Spatial Core,2019-06-04 20:53:10.665256+02
245,t,routers_l,14524,Find Multiple - Circle,915,f,23.255,0.025,915,f,3.003,0.003,915,f,12.194,0.013,7.744,1.907,4.061,Spatial Core,2019-06-05 21:17:00.538176+02
102,f,routers_l,14524,Find Multiple - Rectangle,1292,f,4.777,0.004,1292,f,4.347,0.003,1292,f,15.380,0.012,1.099,0.311,3.538,Spatial Core,2019-06-04 20:51:55.417311+02
243,t,routers_l,14524,Find Multiple - Rectangle,1292,f,4.625,0.004,1292,f,5.319,0.004,1292,f,13.236,0.010,0.870,0.349,2.488,Relational,2019-06-05 21:16:22.032014+02
103,f,routers_l,14524,Find Multiple - Rotated Rectangle,2532,f,36.001,0.014,2532,f,24.224,0.010,2532,f,16.928,0.007,1.486,2.127,0.699,Spatial PostGIS,2019-06-04 20:52:35.881694+02
244,t,routers_l,14524,Find Multiple - Rotated Rectangle,2532,f,49.423,0.020,2532,f,25.068,0.010,2532,f,14.905,0.006,1.972,3.316,0.595,Spatial PostGIS,2019-06-05 21:16:40.441302+02
101,f,routers_l,14524,Find Single,1,f,7.777,7.777,1,f,6.346,6.346,1,f,29.589,29.589,1.225,0.263,4.663,Spatial Core,2019-06-04 20:51:27.312556+02
242,t,routers_l,14524,Find Single,1,f,3.710,3.710,1,f,2.711,2.711,1,f,30.285,30.285,1.368,0.123,11.171,Spatial Core,2019-06-05 21:16:13.668332+02
99,f,routers_l,14524,Insert Multiple,14524,f,799.270,0.055,14524,f,970.550,0.067,14524,f,826.654,0.057,0.824,0.967,0.852,Relational,2019-06-04 20:51:11.541039+02
240,t,routers_l,14524,Insert Multiple,14524,f,839.254,0.058,14524,f,900.551,0.062,14524,f,889.781,0.061,0.932,0.943,0.988,Relational,2019-06-05 21:15:58.295112+02
100,f,routers_l,14524,Insert Single,1,f,27.358,27.358,1,f,24.525,24.525,1,f,51.455,51.455,1.116,0.532,2.098,Spatial Core,2019-06-04 20:51:18.903474+02
241,t,routers_l,14524,Insert Single,1,f,30.382,30.382,1,f,25.390,25.390,1,f,38.126,38.126,1.197,0.797,1.502,Spatial Core,2019-06-05 21:16:04.953894+02
109,f,routers_l,14524,Update Multiple - Circle,915,f,42.378,0.046,915,f,30.902,0.034,915,f,46.497,0.051,1.371,0.911,1.505,Spatial Core,2019-06-04 20:58:33.368256+02
249,t,routers_l,14524,Update Multiple - Circle,915,f,43.838,0.048,915,f,42.464,0.046,915,f,93.424,0.102,1.032,0.469,2.200,Spatial Core,2019-06-05 21:18:01.582296+02
106,f,routers_l,14524,Update Multiple - Rectangle,1292,f,33.945,0.026,1292,f,30.647,0.024,1292,f,46.114,0.036,1.108,0.736,1.505,Spatial Core,2019-06-04 20:53:34.028775+02
247,t,routers_l,14524,Update Multiple - Rectangle,1292,f,37.154,0.029,1292,f,39.838,0.031,1292,f,57.024,0.044,0.933,0.652,1.431,Relational,2019-06-05 21:17:27.527217+02
298,f,routers_l,14524,Update Multiple - Rotated Rectangle,2532,f,98.936,0.039,2532,f,75.360,0.030,2532,f,54.608,0.022,1.313,1.812,0.725,Spatial PostGIS,2019-06-05 22:41:36.167027+02
248,t,routers_l,14524,Update Multiple - Rotated Rectangle,2532,f,68.650,0.027,2532,f,91.690,0.036,2532,f,63.552,0.025,0.749,1.080,0.693,Spatial PostGIS,2019-06-05 21:17:40.406517+02
105,f,routers_l,14524,Update Single,1,f,65.957,65.957,1,f,28.380,28.380,1,f,58.119,58.119,2.324,1.135,2.048,Spatial Core,2019-06-04 20:53:21.523294+02
246,t,routers_l,14524,Update Single,1,f,62.074,62.074,1,f,28.868,28.868,1,f,56.916,56.916,2.150,1.091,1.972,Spatial Core,2019-06-05 21:17:11.840811+02
42,f,uniform_l,14524,Delete Multiple - Circle,66,f,51.483,0.780,66,f,28.541,0.432,66,f,40.578,0.615,1.804,1.269,1.422,Spatial Core,2019-06-03 20:39:12.426863+02
183,t,uniform_l,14524,Delete Multiple - Circle,66,f,64.716,0.981,66,f,34.399,0.521,66,f,51.539,0.781,1.881,1.256,1.498,Spatial Core,2019-06-04 21:36:01.390097+02
40,f,uniform_l,14524,Delete Multiple - Rectangle,15,f,60.699,4.047,15,f,29.920,1.995,15,f,53.068,3.538,2.029,1.144,1.774,Spatial Core,2019-06-03 20:38:09.537287+02
181,t,uniform_l,14524,Delete Multiple - Rectangle,15,f,60.006,4.000,15,f,26.977,1.798,15,f,45.043,3.003,2.224,1.332,1.670,Spatial Core,2019-06-04 21:35:29.326664+02
41,f,uniform_l,14524,Delete Multiple - Rotated Rectangle,17,f,58.841,3.461,17,f,54.349,3.197,17,f,42.822,2.519,1.083,1.374,0.788,Spatial PostGIS,2019-06-03 20:38:56.151298+02
182,t,uniform_l,14524,Delete Multiple - Rotated Rectangle,17,f,89.412,5.260,17,f,67.435,3.967,17,f,37.105,2.183,1.326,2.410,0.550,Spatial PostGIS,2019-06-04 21:35:46.273071+02
39,f,uniform_l,14524,Delete Single,1,f,35.921,35.921,1,f,30.582,30.582,1,f,58.133,58.133,1.175,0.618,1.901,Spatial Core,2019-06-03 20:37:53.142625+02
180,t,uniform_l,14524,Delete Single,1,f,60.944,60.944,1,f,25.760,25.760,1,f,39.009,39.009,2.366,1.562,1.514,Spatial Core,2019-06-04 21:35:21.575197+02
34,f,uniform_l,14524,Find Multiple - Circle,76,f,14.335,0.189,76,f,2.097,0.028,76,f,13.700,0.180,6.836,1.046,6.533,Spatial Core,2019-06-03 20:35:16.341996+02
175,t,uniform_l,14524,Find Multiple - Circle,76,f,14.453,0.190,76,f,1.265,0.017,76,f,10.838,0.143,11.425,1.334,8.568,Spatial Core,2019-06-04 21:33:12.348121+02
32,f,uniform_l,14524,Find Multiple - Rectangle,19,f,2.112,0.111,19,f,1.624,0.085,19,f,14.937,0.786,1.300,0.141,9.198,Spatial Core,2019-06-03 20:32:32.632366+02
173,t,uniform_l,14524,Find Multiple - Rectangle,19,f,1.729,0.091,19,f,1.114,0.059,19,f,10.600,0.558,1.552,0.163,9.515,Spatial Core,2019-06-04 21:32:44.922403+02
33,f,uniform_l,14524,Find Multiple - Rotated Rectangle,20,f,32.649,1.632,20,f,20.170,1.009,20,f,15.446,0.772,1.619,2.114,0.766,Spatial PostGIS,2019-06-03 20:34:21.369163+02
174,t,uniform_l,14524,Find Multiple - Rotated Rectangle,20,f,30.786,1.539,20,f,20.169,1.008,20,f,11.799,0.590,1.526,2.609,0.585,Spatial PostGIS,2019-06-04 21:32:56.268778+02
31,f,uniform_l,14524,Find Single,1,f,6.995,6.995,1,f,5.326,5.326,1,f,33.545,33.545,1.313,0.209,6.298,Spatial Core,2019-06-03 20:32:19.272275+02
172,t,uniform_l,14524,Find Single,1,f,3.778,3.778,1,f,1.042,1.042,1,f,11.554,11.554,3.626,0.327,11.088,Spatial Core,2019-06-04 21:32:33.941044+02
29,f,uniform_l,14524,Insert Multiple,14524,f,850.611,0.059,14524,f,1053.574,0.073,14524,f,858.823,0.059,0.807,0.990,0.815,Relational,2019-06-03 20:30:57.230265+02
170,t,uniform_l,14524,Insert Multiple,14524,f,876.394,0.060,14524,f,865.330,0.060,14524,f,903.258,0.062,1.013,0.970,1.044,Spatial Core,2019-06-04 21:32:17.605516+02
30,f,uniform_l,14524,Insert Single,1,f,60.459,60.459,1,f,27.393,27.393,1,f,48.726,48.726,2.207,1.241,1.779,Spatial Core,2019-06-03 20:32:00.250464+02
171,t,uniform_l,14524,Insert Single,1,f,59.902,59.902,1,f,25.856,25.856,1,f,51.367,51.367,2.317,1.166,1.987,Spatial Core,2019-06-04 21:32:23.494117+02
38,f,uniform_l,14524,Update Multiple - Circle,76,f,101.567,1.336,76,f,29.621,0.390,76,f,82.028,1.079,3.429,1.238,2.769,Spatial Core,2019-06-03 20:37:45.731138+02
179,t,uniform_l,14524,Update Multiple - Circle,76,f,41.126,0.541,76,f,26.684,0.351,76,f,42.437,0.558,1.541,0.969,1.590,Spatial Core,2019-06-04 21:34:09.011068+02
36,f,uniform_l,14524,Update Multiple - Rectangle,19,f,60.105,3.163,19,f,28.083,1.478,19,f,40.627,2.138,2.140,1.479,1.447,Spatial Core,2019-06-03 20:36:12.746823+02
177,t,uniform_l,14524,Update Multiple - Rectangle,19,f,28.067,1.477,19,f,26.013,1.369,19,f,40.530,2.133,1.079,0.692,1.558,Spatial Core,2019-06-04 21:33:42.76577+02
37,f,uniform_l,14524,Update Multiple - Rotated Rectangle,20,f,126.050,6.303,20,f,64.519,3.226,20,f,63.545,3.177,1.954,1.984,0.985,Spatial PostGIS,2019-06-03 20:36:35.866732+02
178,t,uniform_l,14524,Update Multiple - Rotated Rectangle,20,f,58.344,2.917,20,f,65.985,3.299,20,f,38.448,1.922,0.884,1.517,0.583,Spatial PostGIS,2019-06-04 21:33:53.01006+02
35,f,uniform_l,14524,Update Single,1,f,34.936,34.936,1,f,30.065,30.065,1,f,56.920,56.920,1.162,0.614,1.893,Spatial Core,2019-06-03 20:35:52.942568+02
176,t,uniform_l,14524,Update Single,1,f,45.591,45.591,1,f,28.701,28.701,1,f,46.074,46.074,1.588,0.990,1.605,Spatial Core,2019-06-04 21:33:32.271218+02
127,f,routers_xl,145249,Delete Multiple - Circle,8810,f,126.372,0.014,8810,f,43.273,0.005,8810,f,99.192,0.011,2.920,1.274,2.292,Spatial Core,2019-06-04 21:04:11.622305+02
267,t,routers_xl,145249,Delete Multiple - Circle,8810,f,111.447,0.013,8810,f,15.747,0.002,8810,f,38.433,0.004,7.077,2.900,2.441,Spatial Core,2019-06-05 21:23:39.415107+02
125,f,routers_xl,145249,Delete Multiple - Rectangle,8039,f,73.009,0.009,8039,f,41.603,0.005,8039,f,101.208,0.013,1.755,0.721,2.433,Spatial Core,2019-06-04 21:03:40.538225+02
265,t,routers_xl,145249,Delete Multiple - Rectangle,8039,f,16.009,0.002,8039,f,14.888,0.002,8039,f,29.283,0.004,1.075,0.547,1.967,Spatial Core,2019-06-05 21:23:07.601837+02
126,f,routers_xl,145249,Delete Multiple - Rotated Rectangle,19858,f,414.470,0.021,19858,f,267.568,0.013,19858,f,140.821,0.007,1.549,2.943,0.526,Spatial PostGIS,2019-06-04 21:03:55.394969+02
266,t,routers_xl,145249,Delete Multiple - Rotated Rectangle,19858,f,253.359,0.013,19858,f,166.858,0.008,19858,f,55.545,0.003,1.518,4.561,0.333,Spatial PostGIS,2019-06-05 21:23:22.335415+02
124,f,routers_xl,145249,Delete Single,1,f,97.463,97.463,1,f,47.531,47.531,1,f,84.069,84.069,2.051,1.159,1.769,Spatial Core,2019-06-04 21:03:29.118352+02
264,t,routers_xl,145249,Delete Single,1,f,10.266,10.266,1,f,6.863,6.863,1,f,20.668,20.668,1.496,0.497,3.012,Spatial Core,2019-06-05 21:22:57.163208+02
119,f,routers_xl,145249,Find Multiple - Circle,9546,f,117.940,0.012,9546,f,24.322,0.003,9546,f,40.151,0.004,4.849,2.937,1.651,Spatial Core,2019-06-04 21:02:00.316206+02
259,t,routers_xl,145249,Find Multiple - Circle,9546,f,125.426,0.013,9546,f,18.526,0.002,9546,f,27.753,0.003,6.770,4.519,1.498,Spatial Core,2019-06-05 21:21:33.334111+02
117,f,routers_xl,145249,Find Multiple - Rectangle,12536,f,34.948,0.003,12536,f,33.526,0.003,12536,f,40.549,0.003,1.042,0.862,1.209,Spatial Core,2019-06-04 21:01:28.164408+02
257,t,routers_xl,145249,Find Multiple - Rectangle,12536,f,28.489,0.002,12536,f,29.161,0.002,12536,f,26.573,0.002,0.977,1.072,0.911,Spatial PostGIS,2019-06-05 21:21:02.768724+02
118,f,routers_xl,145249,Find Multiple - Rotated Rectangle,24723,f,262.183,0.011,24723,f,167.065,0.007,24723,f,44.137,0.002,1.569,5.940,0.264,Spatial PostGIS,2019-06-04 21:01:44.732151+02
258,t,routers_xl,145249,Find Multiple - Rotated Rectangle,24723,f,269.027,0.011,24723,f,172.372,0.007,24723,f,34.841,0.001,1.561,7.722,0.202,Spatial PostGIS,2019-06-05 21:21:16.6383+02
116,f,routers_xl,145249,Find Single,1,f,14.849,14.849,1,f,12.561,12.561,1,f,87.809,87.809,1.182,0.169,6.991,Spatial Core,2019-06-04 21:01:14.544919+02
256,t,routers_xl,145249,Find Single,1,f,1.514,1.514,1,f,1.176,1.176,1,f,74.764,74.764,1.287,0.020,63.575,Spatial Core,2019-06-05 21:20:30.562144+02
114,f,routers_xl,145249,Insert Multiple,145249,f,7237.203,0.050,145249,f,7587.691,0.052,145249,f,10398.598,0.072,0.954,0.696,1.370,Relational,2019-06-04 21:00:52.911966+02
254,t,routers_xl,145249,Insert Multiple,145249,f,7622.643,0.052,145249,f,9255.339,0.064,145249,f,12167.835,0.084,0.824,0.626,1.315,Relational,2019-06-05 21:20:09.331104+02
115,f,routers_xl,145249,Insert Single,1,f,60.740,60.740,1,f,25.572,25.572,1,f,37.830,37.830,2.375,1.606,1.479,Spatial Core,2019-06-04 21:01:02.807115+02
255,t,routers_xl,145249,Insert Single,1,f,59.752,59.752,1,f,26.623,26.623,1,f,36.876,36.876,2.244,1.620,1.385,Spatial Core,2019-06-05 21:20:20.776995+02
123,f,routers_xl,145249,Update Multiple - Circle,9546,f,174.223,0.018,9546,f,70.087,0.007,9546,f,96.946,0.010,2.486,1.797,1.383,Spatial Core,2019-06-04 21:03:14.066941+02
263,t,routers_xl,145249,Update Multiple - Circle,9546,f,258.589,0.027,9546,f,197.587,0.021,9546,f,212.492,0.022,1.309,1.217,1.075,Spatial Core,2019-06-05 21:22:35.880079+02
121,f,routers_xl,145249,Update Multiple - Rectangle,12536,f,95.989,0.008,12536,f,66.400,0.005,12536,f,118.155,0.009,1.446,0.812,1.779,Spatial Core,2019-06-04 21:02:26.946564+02
261,t,routers_xl,145249,Update Multiple - Rectangle,12536,f,111.392,0.009,12536,f,165.497,0.013,12536,f,232.377,0.019,0.673,0.479,1.404,Relational,2019-06-05 21:21:53.906049+02
122,f,routers_xl,145249,Update Multiple - Rotated Rectangle,24723,f,317.853,0.013,24723,f,219.779,0.009,24723,f,123.803,0.005,1.446,2.567,0.563,Spatial PostGIS,2019-06-04 21:02:56.388154+02
262,t,routers_xl,145249,Update Multiple - Rotated Rectangle,24723,f,407.252,0.016,24723,f,424.774,0.017,24723,f,304.786,0.012,0.959,1.336,0.718,Spatial PostGIS,2019-06-05 21:22:09.98515+02
120,f,routers_xl,145249,Update Single,1,f,87.022,87.022,1,f,39.797,39.797,1,f,95.028,95.028,2.187,0.916,2.388,Spatial Core,2019-06-04 21:02:13.736407+02
260,t,routers_xl,145249,Update Single,1,f,63.746,63.746,1,f,29.891,29.891,1,f,50.985,50.985,2.133,1.250,1.706,Spatial Core,2019-06-05 21:21:44.032663+02
56,f,uniform_xl,145249,Delete Multiple - Circle,661,f,192.257,0.291,661,f,56.718,0.086,661,f,77.568,0.117,3.390,2.479,1.368,Spatial Core,2019-06-03 20:46:45.275677+02
197,t,uniform_xl,145249,Delete Multiple - Circle,661,f,106.813,0.162,661,f,3.593,0.005,661,f,15.439,0.023,29.728,6.918,4.297,Spatial Core,2019-06-04 21:40:48.398832+02
54,f,uniform_xl,145249,Delete Multiple - Rectangle,186,f,45.060,0.242,186,f,34.365,0.185,186,f,70.777,0.381,1.311,0.637,2.060,Spatial Core,2019-06-03 20:45:51.262392+02
195,t,uniform_xl,145249,Delete Multiple - Rectangle,186,f,5.333,0.029,186,f,3.181,0.017,186,f,13.662,0.073,1.677,0.390,4.295,Spatial Core,2019-06-04 21:40:22.699293+02
55,f,uniform_xl,145249,Delete Multiple - Rotated Rectangle,173,f,314.365,1.817,173,f,217.666,1.258,173,f,92.077,0.532,1.444,3.414,0.423,Spatial PostGIS,2019-06-03 20:46:17.136475+02
196,t,uniform_xl,145249,Delete Multiple - Rotated Rectangle,173,f,243.032,1.405,173,f,143.972,0.832,173,f,12.365,0.071,1.688,19.655,0.086,Spatial PostGIS,2019-06-04 21:40:32.383914+02
53,f,uniform_xl,145249,Delete Single,1,f,91.516,91.516,1,f,73.802,73.802,1,f,94.100,94.100,1.240,0.973,1.275,Spatial Core,2019-06-03 20:45:29.414796+02
194,t,uniform_xl,145249,Delete Single,1,f,7.134,7.134,1,f,1.836,1.836,1,f,12.917,12.917,3.886,0.552,7.035,Spatial Core,2019-06-04 21:40:09.409631+02
48,f,uniform_xl,145249,Find Multiple - Circle,722,f,113.919,0.158,722,f,10.997,0.015,722,f,34.490,0.048,10.359,3.303,3.136,Spatial Core,2019-06-03 20:43:15.143894+02
189,t,uniform_xl,145249,Find Multiple - Circle,722,f,103.307,0.143,722,f,3.246,0.004,722,f,12.261,0.017,31.826,8.426,3.777,Spatial Core,2019-06-04 21:38:43.937312+02
45,f,uniform_xl,145249,Find Multiple - Rectangle,231,f,11.745,0.051,231,f,11.728,0.051,231,f,39.111,0.169,1.001,0.300,3.335,Spatial Core,2019-06-03 20:41:24.529633+02
187,t,uniform_xl,145249,Find Multiple - Rectangle,231,f,2.863,0.012,231,f,2.169,0.009,231,f,11.193,0.048,1.320,0.256,5.160,Spatial Core,2019-06-04 21:38:03.079562+02
47,f,uniform_xl,145249,Find Multiple - Rotated Rectangle,204,f,233.487,1.145,204,f,137.104,0.672,204,f,32.640,0.160,1.703,7.153,0.238,Spatial PostGIS,2019-06-03 20:42:43.441033+02
188,t,uniform_xl,145249,Find Multiple - Rotated Rectangle,204,f,231.807,1.136,204,f,134.752,0.661,204,f,9.166,0.045,1.720,25.290,0.068,Spatial PostGIS,2019-06-04 21:38:13.03865+02
46,f,uniform_xl,145249,Find Single,1,f,29.501,29.501,1,f,10.425,10.425,1,f,37.583,37.583,2.830,0.785,3.605,Spatial Core,2019-06-03 20:42:14.074679+02
186,t,uniform_xl,145249,Find Single,1,f,3.986,3.986,1,f,2.912,2.912,1,f,38.969,38.969,1.369,0.102,13.382,Spatial Core,2019-06-04 21:37:42.438914+02
43,f,uniform_xl,145249,Insert Multiple,145249,f,7433.108,0.051,145249,f,8568.557,0.059,145249,f,11370.147,0.078,0.867,0.654,1.327,Relational,2019-06-03 20:40:53.078472+02
184,t,uniform_xl,145249,Insert Multiple,145249,f,7754.650,0.053,145249,f,9794.319,0.067,145249,f,12620.421,0.087,0.792,0.614,1.289,Relational,2019-06-04 21:37:24.548648+02
44,f,uniform_xl,145249,Insert Single,1,f,61.388,61.388,1,f,27.154,27.154,1,f,52.349,52.349,2.261,1.173,1.928,Spatial Core,2019-06-03 20:41:04.832042+02
185,t,uniform_xl,145249,Insert Single,1,f,62.488,62.488,1,f,25.359,25.359,1,f,38.141,38.141,2.464,1.638,1.504,Spatial Core,2019-06-04 21:37:31.601914+02
52,f,uniform_xl,145249,Update Multiple - Circle,722,f,150.083,0.208,722,f,51.505,0.071,722,f,129.242,0.179,2.914,1.161,2.509,Spatial Core,2019-06-03 20:45:03.228714+02
193,t,uniform_xl,145249,Update Multiple - Circle,722,f,133.408,0.185,722,f,29.000,0.040,722,f,50.974,0.071,4.600,2.617,1.758,Spatial Core,2019-06-04 21:39:56.332682+02
50,f,uniform_xl,145249,Update Multiple - Rectangle,231,f,55.513,0.240,231,f,45.662,0.198,231,f,87.634,0.379,1.216,0.633,1.919,Spatial Core,2019-06-03 20:44:09.797759+02
191,t,uniform_xl,145249,Update Multiple - Rectangle,231,f,15.918,0.069,231,f,17.708,0.077,231,f,45.083,0.195,0.899,0.353,2.546,Relational,2019-06-04 21:39:04.736178+02
51,f,uniform_xl,145249,Update Multiple - Rotated Rectangle,204,f,269.316,1.320,204,f,182.785,0.896,204,f,76.233,0.374,1.473,3.533,0.417,Spatial PostGIS,2019-06-03 20:44:38.232527+02
192,t,uniform_xl,145249,Update Multiple - Rotated Rectangle,204,f,250.518,1.228,204,f,156.558,0.767,204,f,25.670,0.126,1.600,9.759,0.164,Spatial PostGIS,2019-06-04 21:39:42.242395+02
49,f,uniform_xl,145249,Update Single,1,f,55.083,55.083,1,f,53.449,53.449,1,f,81.657,81.657,1.031,0.675,1.528,Spatial Core,2019-06-03 20:43:51.959721+02
190,t,uniform_xl,145249,Update Single,1,f,4.230,4.230,1,f,2.431,2.431,1,f,19.873,19.873,1.740,0.213,8.175,Spatial Core,2019-06-04 21:38:53.062764+02
296,f,routers_xxl,1452490,Delete Multiple - Circle,87820,f,1251.096,0.014,87820,f,511.956,0.006,87820,f,874.722,0.010,2.444,1.430,1.709,Spatial Core,2019-06-05 22:30:42.191979+02
282,t,routers_xxl,1452490,Delete Multiple - Circle,87820,f,852.021,0.010,87820,f,163.953,0.002,87820,f,278.406,0.003,5.197,3.060,1.698,Spatial Core,2019-06-05 22:12:29.543132+02
294,f,routers_xxl,1452490,Delete Multiple - Rectangle,85102,f,171.433,0.002,85102,f,165.353,0.002,85102,f,351.667,0.004,1.037,0.487,2.127,Spatial Core,2019-06-05 22:30:05.154684+02
280,t,routers_xxl,1452490,Delete Multiple - Rectangle,85102,f,413.193,0.005,85102,f,616.794,0.007,85102,f,620.545,0.007,0.670,0.666,1.006,Relational,2019-06-05 22:11:57.836608+02
295,f,routers_xxl,1452490,Delete Multiple - Rotated Rectangle,197138,f,2184.228,0.011,197138,f,1442.176,0.007,197138,f,529.100,0.003,1.515,4.128,0.367,Spatial PostGIS,2019-06-05 22:30:23.175579+02
281,t,routers_xxl,1452490,Delete Multiple - Rotated Rectangle,197138,f,2325.287,0.012,197138,f,1579.636,0.008,197138,f,624.268,0.003,1.472,3.725,0.395,Spatial PostGIS,2019-06-05 22:12:15.454332+02
293,f,routers_xxl,1452490,Delete Single,1,f,105.828,105.828,1,f,137.452,137.452,1,f,360.256,360.256,0.770,0.294,2.621,Relational,2019-06-05 22:29:46.070419+02
279,t,routers_xxl,1452490,Delete Single,1,f,2.868,2.868,1,f,2.288,2.288,1,f,18.336,18.336,1.253,0.156,8.014,Spatial Core,2019-06-05 22:11:46.722932+02
299,f,routers_xxl,1452490,Find Multiple - Circle,95482,f,1073.028,0.011,95482,f,173.254,0.002,95482,f,144.184,0.002,6.193,7.442,0.832,Spatial PostGIS,2019-06-05 22:49:55.10807+02
274,t,routers_xxl,1452490,Find Multiple - Circle,95482,f,1054.796,0.011,95482,f,212.373,0.002,95482,f,79.719,0.001,4.967,13.231,0.375,Spatial PostGIS,2019-06-05 22:09:14.628019+02
286,f,routers_xxl,1452490,Find Multiple - Rectangle,111435,f,211.599,0.002,111435,f,196.253,0.002,111435,f,139.323,0.001,1.078,1.519,0.710,Spatial PostGIS,2019-06-05 22:26:10.153054+02
272,t,routers_xxl,1452490,Find Multiple - Rectangle,111435,f,271.893,0.002,111435,f,250.395,0.002,111435,f,89.596,0.001,1.086,3.035,0.358,Spatial PostGIS,2019-06-05 22:08:29.759783+02
287,f,routers_xxl,1452490,Find Multiple - Rotated Rectangle,241551,f,2449.621,0.010,241551,f,1627.649,0.007,241551,f,179.563,0.001,1.505,13.642,0.110,Spatial PostGIS,2019-06-05 22:26:24.812762+02
273,t,routers_xxl,1452490,Find Multiple - Rotated Rectangle,241551,f,2431.686,0.010,241551,f,1680.266,0.007,241551,f,134.284,0.001,1.447,18.109,0.080,Spatial PostGIS,2019-06-05 22:09:00.099807+02
285,f,routers_xxl,1452490,Find Single,1,f,46.183,46.183,1,f,37.451,37.451,1,f,120.158,120.158,1.233,0.384,3.208,Spatial Core,2019-06-05 22:26:00.2576+02
271,t,routers_xxl,1452490,Find Single,1,f,4.510,4.510,1,f,3.053,3.053,1,f,23.390,23.390,1.477,0.193,7.661,Spatial Core,2019-06-05 22:08:19.585134+02
283,f,routers_xxl,1452490,Insert Multiple,1452490,f,95345.966,0.066,1452490,f,101943.100,0.070,1452490,f,105084.615,0.072,0.935,0.907,1.031,Relational,2019-06-05 22:25:38.191408+02
269,t,routers_xxl,1452490,Insert Multiple,1452490,f,102927.826,0.071,1452490,f,120442.398,0.083,1452490,f,127333.362,0.088,0.855,0.808,1.057,Relational,2019-06-05 22:07:54.146664+02
284,f,routers_xxl,1452490,Insert Single,1,f,51.775,51.775,1,f,29.211,29.211,1,f,38.897,38.897,1.772,1.331,1.332,Spatial Core,2019-06-05 22:25:48.012512+02
270,t,routers_xxl,1452490,Insert Single,1,f,3.598,3.598,1,f,3.726,3.726,1,f,22.695,22.695,0.966,0.159,6.091,Relational,2019-06-05 22:08:12.608197+02
292,f,routers_xxl,1452490,Update Multiple - Circle,95482,f,1104.519,0.012,95482,f,303.772,0.003,95482,f,592.631,0.006,3.636,1.864,1.951,Spatial Core,2019-06-05 22:29:18.390577+02
278,t,routers_xxl,1452490,Update Multiple - Circle,95482,f,1845.189,0.019,95482,f,1887.409,0.020,95482,f,1787.442,0.019,0.978,1.032,0.947,Spatial PostGIS,2019-06-05 22:10:40.900249+02
290,f,routers_xxl,1452490,Update Multiple - Rectangle,111435,f,944.316,0.008,111435,f,979.310,0.009,111435,f,1398.933,0.013,0.964,0.675,1.428,Relational,2019-06-05 22:28:40.401422+02
276,t,routers_xxl,1452490,Update Multiple - Rectangle,111435,f,1296.197,0.012,111435,f,2031.196,0.018,111435,f,1700.052,0.015,0.638,0.762,0.837,Relational,2019-06-05 22:09:48.143172+02
291,f,routers_xxl,1452490,Update Multiple - Rotated Rectangle,241551,f,2646.446,0.011,241551,f,1986.384,0.008,241551,f,1159.891,0.005,1.332,2.282,0.584,Spatial PostGIS,2019-06-05 22:29:02.895507+02
277,t,routers_xxl,1452490,Update Multiple - Rotated Rectangle,241551,f,3760.392,0.016,241551,f,4663.565,0.019,241551,f,3084.470,0.013,0.806,1.219,0.661,Spatial PostGIS,2019-06-05 22:10:13.137291+02
289,f,routers_xxl,1452490,Update Single,1,f,169.120,169.120,1,f,138.312,138.312,1,f,321.512,321.512,1.223,0.526,2.325,Spatial Core,2019-06-05 22:28:23.728787+02
275,t,routers_xxl,1452490,Update Single,1,f,32.480,32.480,1,f,27.857,27.857,1,f,52.429,52.429,1.166,0.620,1.882,Spatial Core,2019-06-05 22:09:26.250636+02
70,f,uniform_xxl,1452490,Delete Multiple - Circle,6488,f,918.679,0.142,6488,f,115.575,0.018,6488,f,294.977,0.045,7.949,3.114,2.552,Spatial Core,2019-06-03 21:00:52.013476+02
211,t,uniform_xxl,1452490,Delete Multiple - Circle,6488,f,894.723,0.138,6488,f,24.115,0.004,6488,f,88.899,0.014,37.102,10.064,3.686,Spatial Core,2019-06-04 21:54:57.539854+02
68,f,uniform_xxl,1452490,Delete Multiple - Rectangle,1774,f,111.461,0.063,1774,f,95.796,0.054,1774,f,281.871,0.159,1.164,0.395,2.942,Spatial Core,2019-06-03 20:59:15.724606+02
209,t,uniform_xxl,1452490,Delete Multiple - Rectangle,1774,f,33.379,0.019,1774,f,25.296,0.014,1774,f,58.382,0.033,1.320,0.572,2.308,Spatial Core,2019-06-04 21:54:12.567763+02
69,f,uniform_xxl,1452490,Delete Multiple - Rotated Rectangle,1788,f,2146.811,1.201,1788,f,1346.083,0.753,1788,f,268.179,0.150,1.595,8.005,0.199,Spatial PostGIS,2019-06-03 20:59:53.645771+02
210,t,uniform_xxl,1452490,Delete Multiple - Rotated Rectangle,1788,f,2154.615,1.205,1788,f,1376.670,0.770,1788,f,39.242,0.022,1.565,54.906,0.029,Spatial PostGIS,2019-06-04 21:54:35.383432+02
67,f,uniform_xxl,1452490,Delete Single,1,f,402.318,402.318,1,f,385.385,385.385,1,f,672.228,672.228,1.044,0.598,1.744,Spatial Core,2019-06-03 20:58:58.730322+02
208,t,uniform_xxl,1452490,Delete Single,1,f,9.042,9.042,1,f,2.156,2.156,1,f,22.677,22.677,4.194,0.399,10.518,Spatial Core,2019-06-04 21:54:00.85151+02
62,f,uniform_xxl,1452490,Find Multiple - Circle,7106,f,944.738,0.133,7106,f,44.057,0.006,7106,f,114.224,0.016,21.444,8.271,2.593,Spatial Core,2019-06-03 20:55:25.208993+02
203,t,uniform_xxl,1452490,Find Multiple - Circle,7106,f,918.551,0.129,7106,f,46.979,0.007,7106,f,47.145,0.007,19.552,19.484,1.004,Spatial Core,2019-06-04 21:52:45.337322+02
60,f,uniform_xxl,1452490,Find Multiple - Rectangle,2214,f,46.043,0.021,2214,f,42.275,0.019,2214,f,120.483,0.054,1.089,0.382,2.850,Spatial Core,2019-06-03 20:54:39.16666+02
201,t,uniform_xxl,1452490,Find Multiple - Rectangle,2214,f,23.901,0.011,2214,f,20.733,0.009,2214,f,29.915,0.014,1.153,0.799,1.443,Spatial Core,2019-06-04 21:52:02.107449+02
61,f,uniform_xxl,1452490,Find Multiple - Rotated Rectangle,2219,f,2129.442,0.960,2219,f,1297.719,0.585,2219,f,106.913,0.048,1.641,19.918,0.082,Spatial PostGIS,2019-06-03 20:54:59.238764+02
202,t,uniform_xxl,1452490,Find Multiple - Rotated Rectangle,2219,f,2130.232,0.960,2219,f,1400.467,0.631,2219,f,24.691,0.011,1.521,86.276,0.018,Spatial PostGIS,2019-06-04 21:52:20.971631+02
59,f,uniform_xxl,1452490,Find Single,1,f,63.215,63.215,1,f,35.112,35.112,1,f,125.672,125.672,1.800,0.503,3.579,Spatial Core,2019-06-03 20:54:23.894731+02
200,t,uniform_xxl,1452490,Find Single,1,f,2.077,2.077,1,f,1.208,1.208,1,f,29.022,29.022,1.719,0.072,24.025,Spatial Core,2019-06-04 21:51:48.796129+02
57,f,uniform_xxl,1452490,Insert Multiple,1452490,f,97997.131,0.067,1452490,f,106379.977,0.073,1452490,f,111004.346,0.076,0.921,0.883,1.043,Relational,2019-06-03 20:53:49.907739+02
198,t,uniform_xxl,1452490,Insert Multiple,1452490,f,103144.229,0.071,1452490,f,123949.463,0.085,1452490,f,129403.915,0.089,0.832,0.797,1.044,Relational,2019-06-04 21:51:27.415399+02
58,f,uniform_xxl,1452490,Insert Single,1,f,2.939,2.939,1,f,2.286,2.286,1,f,15.043,15.043,1.286,0.195,6.580,Spatial Core,2019-06-03 20:54:09.910415+02
199,t,uniform_xxl,1452490,Insert Single,1,f,10.591,10.591,1,f,2.989,2.989,1,f,24.319,24.319,3.543,0.436,8.136,Spatial Core,2019-06-04 21:51:38.98578+02
66,f,uniform_xxl,1452490,Update Multiple - Circle,7106,f,1146.341,0.161,7106,f,341.514,0.048,7106,f,555.961,0.078,3.357,2.062,1.628,Spatial Core,2019-06-03 20:56:54.657175+02
207,t,uniform_xxl,1452490,Update Multiple - Circle,7106,f,1327.766,0.187,7106,f,383.983,0.054,7106,f,515.631,0.073,3.458,2.575,1.343,Spatial Core,2019-06-04 21:53:52.693893+02
64,f,uniform_xxl,1452490,Update Multiple - Rectangle,2214,f,238.075,0.108,2214,f,243.919,0.110,2214,f,423.201,0.191,0.976,0.563,1.735,Relational,2019-06-03 20:56:08.259301+02
205,t,uniform_xxl,1452490,Update Multiple - Rectangle,2214,f,153.904,0.070,2214,f,160.126,0.072,2214,f,101.548,0.046,0.961,1.516,0.634,Spatial PostGIS,2019-06-04 21:53:12.543896+02
65,f,uniform_xxl,1452490,Update Multiple - Rotated Rectangle,2219,f,2208.452,0.995,2219,f,1362.732,0.614,2219,f,413.150,0.186,1.621,5.345,0.303,Spatial PostGIS,2019-06-03 20:56:30.977815+02
206,t,uniform_xxl,1452490,Update Multiple - Rotated Rectangle,2219,f,2426.498,1.094,2219,f,1704.972,0.768,2219,f,153.960,0.069,1.423,15.761,0.090,Spatial PostGIS,2019-06-04 21:53:35.586911+02
63,f,uniform_xxl,1452490,Update Single,1,f,179.536,179.536,1,f,135.675,135.675,1,f,346.203,346.203,1.323,0.519,2.552,Spatial Core,2019-06-03 20:55:53.109649+02
204,t,uniform_xxl,1452490,Update Single,1,f,31.527,31.527,1,f,32.929,32.929,1,f,41.199,41.199,0.957,0.765,1.251,Relational,2019-06-04 21:53:00.694704+02
